type_solution,nb_toys,nb_elf,score
original,50000,100,1004014.85332
original,50000,300,1455695.4939
original,50000,900,2456201.4681
original,100000,100,1004014.85332
original,1000000,100,1004014.85332
original,200000,100,1004014.85332
my_solution,100000,100,182546.476923
